"id_article","title","place","subtitle","description","category"
"1","Le Rire de la Cascade","Espagne","Une expérience de vacances animée, avec une variété de restaurants et de bars","L’Hôtel Rire de la Cascade, niché au cœur d’une vallée verdoyante, est un véritable paradis pour ceux qui cherchent à combiner détente et divertissement. Cet établissement unique offre une expérience de vacances animée, avec une variété de restaurants et de bars sur place pour garantir une ambiance festive.
Dès votre arrivée, vous êtes accueilli par l’architecture moderne de l’hôtel, qui se fond harmonieusement dans le paysage environnant. Les chambres, décorées avec goût, offrent tout le confort nécessaire pour un séjour agréable. Chaque chambre offre une vue imprenable sur la cascade voisine, ajoutant une touche de beauté naturelle à l’expérience globale.
L’Hôtel Rire de la Cascade est réputé pour sa scène culinaire dynamique. Avec plusieurs restaurants sur place, chaque repas est une nouvelle aventure gastronomique. Que vous préfériez la cuisine locale ou les saveurs internationales, il y a toujours quelque chose pour satisfaire vos papilles.
En ce qui concerne les bars de l’hôtel, ils sont le cœur de l’ambiance festive de l’Hôtel Rire de la Cascade. Chaque soir, les bars s’animent avec de la musique en direct, des cocktails créatifs et une atmosphère conviviale. Que vous préfériez danser toute la nuit ou simplement savourer un verre en bonne compagnie, les bars de l’hôtel offrent une expérience nocturne inoubliable.
Mais l’Hôtel Rire de la Cascade n’est pas seulement un lieu de fête. Il offre également une variété d’activités de détente pour ceux qui cherchent à se ressourcer. Que vous préfériez vous détendre au spa, faire de l’exercice dans la salle de sport entièrement équipée, ou explorer les environs, il y a toujours quelque chose à faire à l’Hôtel Rire de la Cascade.","hotel"
"2","Le Songe des Saisons","Italie","Un établissement moderne et luxueux","L’Hôtel Songe des Saisons est un établissement moderne et luxueux qui offre une expérience de séjour inégalée. Situé dans un cadre paisible, cet hôtel est l’endroit idéal pour ceux qui cherchent à échapper à l’agitation de la vie quotidienne et à se ressourcer dans un environnement calme et serein.
Dès votre arrivée, vous êtes accueilli par l’architecture contemporaine de l’hôtel, qui allie élégance et modernité. Les intérieurs sont décorés avec goût, avec une attention particulière portée aux détails, créant une atmosphère à la fois chic et confortable.
Les chambres de l’Hôtel Songe des Saisons sont des havres de paix. Elles sont spacieuses et lumineuses, avec des lits confortables et toutes les commodités modernes pour garantir un séjour agréable. Chaque chambre offre une vue imprenable sur le paysage environnant, ajoutant une touche de beauté naturelle à l’expérience globale.
L’hôtel propose une gamme d’activités pour tous les goûts. Que vous préfériez vous détendre au spa, faire de l’exercice dans la salle de sport entièrement équipée, ou explorer les environs, il y a toujours quelque chose à faire à l’Hôtel Songe des Saisons.
Le restaurant de l’hôtel est un autre point fort. Avec un menu varié qui met en valeur les saveurs locales, chaque repas est une célébration de la gastronomie. Le chef talentueux et passionné crée des plats qui sont à la fois délicieux et visuellement impressionnants, garantissant une expérience culinaire mémorable.
En résumé, l’Hôtel Songe des Saisons offre une expérience de séjour luxueuse et paisible. Avec son cadre moderne, ses installations de luxe et son service impeccable, c’est l’endroit idéal pour ceux qui cherchent à se détendre et à se ressourcer. ","hotel"
"3","L&#039;échappée Belle","Grèce","Un séjour enchanteur à l’Hôtel Échappée Belle","Niché au cœur de la charmante ville de L’Isle Jourdain, l’Hôtel Échappée Belle est un véritable joyau. Cet hôtel 3 étoiles, à la fois contemporain et chaleureux, offre une évasion parfaite aux portes du Gers touristique et à deux pas de Toulouse.
L’ambiance de l’hôtel est une fusion harmonieuse de simplicité élégante et de modernité. Chacune des 27 chambres joue la carte d’une simplicité élégante, avec un clin d’œil au 8ème art : la photographie. Le confort feutré, le style actuel et zen, et l’esprit nature et design contemporain se mêlent pour créer une atmosphère apaisante.
L’Hôtel Échappée Belle est entouré d’un paysage pittoresque qui invite à l’exploration. La proximité du lac, à seulement 850 mètres, offre une multitude d’activités de plein air. Que vous préfériez une promenade tranquille au bord de l’eau ou une randonnée plus aventureuse, le paysage environnant est un véritable régal pour les yeux.
En ce qui concerne les activités de l’hôtel, il y en a pour tous les goûts. Les chambres sont équipées d’écrans plats LCD 32’’ et d’un accès Wifi gratuit, garantissant un séjour confortable et connecté. De plus, l’hôtel est parfaitement insonorisé, vous permettant de vous détendre en toute tranquillité.
Le restaurant de l’hôtel est un véritable point fort. Labellisé “Tables du Gers”, le restaurant est recommandé par les guides et propose une carte créative, gourmande et d’inspiration méditerranéenne. Chaque plat est le fruit des inspirations saisonnières d’Anthony Loriot, le Chef talentueux et passionné de l’hôtel.
En résumé, l’Hôtel Échappée Belle offre une expérience de séjour inoubliable. Que vous soyez à la recherche d’un lieu de détente, d’une escapade gastronomique ou d’une base pour explorer les merveilles de la région, l’Hôtel Échappée Belle est l’endroit idéal. Réservez dès maintenant et préparez-vous à être émerveillé.","hotel"
"4","Fée Dodo Ressort","Italie","Idéal vacance en famille","Niché au cœur d’un paysage tropical luxuriant, le Fée Dodo Resort est plus qu’un simple hôtel - c’est un paradis pour les familles à la recherche d’une escapade mémorable. Dès votre arrivée, vous êtes accueilli par le doux parfum des fleurs exotiques et le chant des oiseaux tropicaux, annonçant le début d’un séjour exceptionnel.
Le Fée Dodo Resort est conçu pour offrir à chaque membre de la famille une expérience unique. Pour les plus jeunes, le toboggan aquatique bleu vif, serpentant à travers la piscine scintillante, offre des heures de plaisir et de rires. Les enfants peuvent glisser et éclabousser sous le soleil chaud, pendant que les parents se détendent sur les chaises longues à l’ombre des parasols.
Mais le Fée Dodo Resort n’est pas seulement un paradis pour les enfants. Pour les parents, le spa de l’hôtel offre un havre de paix et de tranquillité. Que vous optiez pour un massage relaxant ou un soin du visage revitalisant, chaque soin est conçu pour vous aider à vous détendre et à vous ressourcer.
Lorsque le soleil se couche, le Fée Dodo Resort s’anime avec une variété d’activités nocturnes. Des spectacles en direct aux soirées cinéma en plein air, il y a toujours quelque chose pour divertir et captiver chaque membre de la famille.","hotel"
"5","Hôtel Natura Ressort","Italie","Une véritable oasis pour les amoureux de la nature","L’Hôtel Natura Resort, situé au cœur de la commune de Moncoutant, est une véritable oasis pour les amoureux de la nature. Cet établissement unique offre une expérience de vacances reposante, que vous soyez en famille, en couple ou seul.
Dès votre arrivée, vous êtes accueilli par le charme rustique de l’hôtel. Les chalets, construits avec des matériaux naturels, se fondent harmonieusement dans le paysage environnant. Chaque chalet est conçu pour offrir un confort optimal tout en respectant l’environnement.
L’Hôtel Natura Resort est entouré d’un paysage verdoyant qui invite à l’exploration et à la détente. Que vous préfériez une promenade tranquille dans les bois environnants, une randonnée plus aventureuse ou simplement vous détendre au bord du lac, le paysage environnant est un véritable régal pour les yeux.
En ce qui concerne les activités de l’hôtel, il y en a pour tous les goûts. Que vous soyez à la recherche d’une aventure en plein air ou d’un moment de détente, l’Hôtel Natura Resort a quelque chose à offrir. Les activités proposées vont de la pêche dans le lac à la découverte de la faune et de la flore locales.
Le restaurant de l’hôtel est un autre point fort. Avec une carte inspirée par les produits locaux et de saison, chaque repas est une célébration de la gastronomie locale. Le chef talentueux et passionné crée des plats qui sont à la fois délicieux et respectueux de l’environnement.","hotel"
"6","Hôtel Das Klima Ressort","Espagne","Que cette villa imaginaire vous transporte vers des horizons lointains et des émotions infinies.","Lorsque l’on évoque le paradis, notre imagination s’envole vers des plages de sable fin, des eaux cristallines et des couchers de soleil enflammés. La villa paradisiaque incarne ce rêve éveillé, ce lieu où le temps se suspend et où chaque instant devient une poésie.
Imaginez-vous, niché au cœur d’une végétation luxuriante, bercé par le chant des oiseaux tropicaux. La villa paradisiaque est un écrin de sérénité, un refuge où les soucis s’évaporent et où l’âme se ressource. Les murs blancs se fondent dans le bleu du ciel, les palmiers dansent au gré du vent, et la piscine scintille comme un joyau.
À l’intérieur, la villa dévoile ses secrets. Les baies vitrées laissent entrer la lumière, les meubles en bois exotique racontent des histoires d’ailleurs, et les chambres sont des nids douillets où les rêves prennent vie. Le salon s’ouvre sur une terrasse en bois, où les repas se prolongent sous les étoiles. Et que dire du jacuzzi, niché dans un coin secret, où l’on se laisse emporter par la douceur de l’eau ?
Chaque matin, vous vous réveillez avec le chant des vagues en toile de fond. Vous dégustez un petit-déjeuner tropical, les pieds dans le sable. Puis, vous partez à la découverte des alentours : plongée dans les récifs coralliens, balade en kayak, sieste sous un cocotier. Les soirées sont des tableaux vivants : dîner aux chandelles, musique douce, et les étoiles qui veillent sur votre bonheur.
La villa paradisiaque, c’est bien plus qu’un lieu de villégiature. C’est un voyage intérieur, une invitation à se reconnecter à l’essentiel. On y apprend à savourer chaque instant, à écouter le murmure du vent, à contempler l’horizon. On y découvre la simplicité du bonheur, la magie des rencontres, et la beauté du monde. Alors, que vous soyez en quête d’une escapade romantique, d’un séjour en famille ou d’une retraite solitaire, laissez vous emporter par la douceur de la villa paradisiaque. Car ici, le paradis n’est pas un mythe, mais une réalité à portée de main.","hotel"
"7","Villa Azure","Grèce","Un Paradis Familial au Bord de la Mer","Imaginez un lieu où le bleu du ciel se confond avec celui de la mer, un lieu où chaque lever de soleil est un tableau vivant, un lieu qui respire la tranquillité et l’harmonie. Ce lieu, c’est la Villa Azure.
La Villa Azure est une demeure spacieuse et moderne, idéalement située à proximité d’une grande ville, mais suffisamment isolée pour offrir un havre de paix à ses occupants. Lors de notre séjour, nous, une famille de quatre personnes, avons été émerveillés par la beauté du lieu.
Les enfants ont adoré la grande piscine de la villa. Ils y ont passé des heures à jouer et à se rafraîchir sous le soleil chaud. Pendant ce temps, nous, les parents, avons profité du calme de la villa pour nous détendre et nous ressourcer.
La Villa Azure est également l’endroit idéal pour organiser de grandes réceptions. Nous avons invité quelques amis à nous rejoindre pour une soirée barbecue dans le jardin de la villa. La soirée fut un grand succès, grâce à l’ambiance chaleureuse de la villa et à la beauté du paysage environnant.
Les chambres de la Villa Azure sont un véritable cocon de confort. Chaque chambre est équipée de lits confortables et offre une vue imprenable sur la mer. Après une journée bien remplie, il n’y a rien de tel que de se retirer dans sa chambre pour profiter d’un moment de tranquillité.
En résumé, notre séjour à la Villa Azure a été une expérience inoubliable. Cette villa offre le parfait équilibre entre activité et détente, modernité et nature. C’est un lieu où l’on se sent chez soi, un lieu où l’on crée des souvenirs précieux. Si vous cherchez un endroit pour passer des vacances en famille, ne cherchez pas plus loin : la Villa Azure est l’endroit qu’il vous faut.","villa"
"8","Le Manoir des Vastes Horizons","Grèce","Un havre de paix pour des réceptions grandioses","Perdu au milieu de nulle part, le Manoir des Vastes Horizons se dresse majestueusement, offrant un refuge luxueux dans un cadre serein. Avec ses dix chambres spacieuses, ce manoir est l’endroit idéal pour organiser de grandes réceptions, tout en garantissant à ses hôtes une tranquillité inégalée.
Le Manoir des Vastes Horizons est un véritable chef-d’œuvre architectural. Ses dix chambres, toutes décorées avec goût, offrent un confort optimal et une intimité préservée. Chaque chambre est une invitation à la détente, avec des lits douillets, des salles de bains modernes et une vue imprenable sur les vastes horizons qui entourent le manoir.
L’isolement du Manoir des Vastes Horizons est l’un de ses atouts majeurs. Loin du bruit et de l’agitation de la ville, ce manoir offre un havre de paix où le temps semble s’arrêter. Ici, vous pouvez vous détendre, vous ressourcer et profiter de la beauté de la nature environnante.
Le Manoir des Vastes Horizons est également l’endroit idéal pour organiser de grandes réceptions. Que ce soit pour un mariage, un anniversaire ou une réunion de famille, le manoir dispose de tous les équipements nécessaires pour faire de votre événement un moment inoubliable. De plus, le personnel dévoué du manoir est toujours à votre disposition pour s’assurer que tout se passe parfaitement.","villa"
"9","L’Oasis du Voyageur","Croatie","Un Havre de Paix au Cœur de la Ville","Nichée à proximité d’une grande ville, la villa “L’Oasis du Voyageur” est un véritable joyau pour les voyageurs en quête de confort et de modernité. Cette villa spacieuse offre un cadre idéal pour se détendre après une journée d’exploration urbaine.
L’Oasis du Voyageur est une villa moderne qui allie élégance et fonctionnalité. Son design contemporain, ses équipements haut de gamme et son aménagement spacieux en font un lieu de séjour privilégié pour les voyageurs.
Les chambres de la villa sont conçues pour offrir un confort optimal. Chaque chambre est équipée de lits confortables, d’une salle de bain moderne et offre une vue imprenable sur le paysage urbain environnant.
La villa est idéalement située près de la grande ville, offrant aux voyageurs un accès facile à une multitude d’activités et d’attractions. Que vous soyez intéressé par la culture, le shopping ou la gastronomie, tout est à portée de main.
En soirée, la villa s’anime avec une variété d’activités. Que vous préfériez vous détendre dans le salon confortable, profiter d’un barbecue dans le jardin ou explorer la vie nocturne de la ville, il y a toujours quelque chose à faire à l’Oasis du Voyageur.
En résumé, la villa “L’Oasis du Voyageur” offre une expérience de séjour unique. Avec son emplacement idéal, son confort moderne et sa variété d’activités, c’est l’endroit idéal pour les voyageurs qui cherchent à vivre une expérience urbaine authentique tout en profitant du confort d’une villa spacieuse.","villa"
"10","Villa Douillette","Croatie","Un Sanctuaire Montagnard pour les Passionnés de la Nature","Située au sein des montagnes, la Villa Douillette est une véritable oasis pour les aventuriers et les amoureux de la nature. Ce refuge, situé dans un environnement pittoresque, propose une expérience unique, mêlant aventure et confort.
La Villa Douillette est un paradis pour les sportifs. En plein cœur des montagnes, elle donne un accès immédiat à une multitude de sentiers de randonnée. Que vous soyez un marcheur aguerri ou un novice, vous trouverez un itinéraire qui correspond à vos compétences.
Les panoramas environnants sont époustouflants. Des pics enneigés aux vallées luxuriantes, chaque vue est une ode à l’émerveillement. Les randonnées sont une opportunité pour découvrir ces paysages majestueux et pour se revitaliser au contact de la nature.
La Villa Douillette est aussi à deux pas d’un village pittoresque. Après une journée de randonnée, quoi de mieux que de se promener dans les rues charmantes du village, de découvrir ses boutiques artisanales et de savourer les délices locaux.
Les chambres de la Villa Douillette sont un havre de confort. Après une journée d’activités en plein air, elles offrent un lieu de repos parfait. Chaque chambre est dotée de lits douillets et offre une vue spectaculaire sur les montagnes alentours.","villa"
"11","Villa Pamera","Turquie","Il y a des lieux qui vous marquent à jamais, et la Villa Pamera est l’un d’eux.","Située à proximité de la mer, cette villa offre un cadre idyllique pour des vacances en famille ou entre amis. J’ai eu la chance d’y passer un séjour avec mes enfants et un couple d’amis, et je suis ravi de partager cette expérience avec vous.
La Villa Pamera est un véritable havre de paix. Son jardin luxuriant est un enchantement pour les yeux. Les enfants ont adoré courir sur la pelouse, jouer à cache-cache entre les arbustes et admirer les fleurs aux mille couleurs. Quant à nous, adultes, nous avons profité de ce cadre verdoyant pour nous détendre et nous ressourcer.
La grande piscine de la villa a été le théâtre de nos après-midi ensoleillés. Les enfants se sont amusés comme des petits poissons dans l’eau, tandis que nous, les adultes, avons profité de la fraîcheur de l’eau pour nous rafraîchir. Et que dire des soirées barbecue ? Autour du grand barbecue de la villa, nous avons partagé des repas conviviaux, dans la douceur des soirées d’été.
La Villa Pamera est également entourée d’une immense forêt, propice aux balades et à l’exploration. Nous avons passé de merveilleux moments à nous promener dans la forêt, à écouter le chant des oiseaux et à respirer l’air pur de la nature. Les enfants ont adoré cette aventure en pleine nature.
Enfin, la proximité de la mer est un atout indéniable de la Villa Pamera. Nous avons passé de belles journées à la plage, à construire des châteaux de sable, à jouer dans les vagues et à profiter du soleil. Les couchers de soleil sur la mer resteront gravés dans nos mémoires.
En termes de confort et de tarifs, la Villa Pamera est très raisonnable. Les chambres sont spacieuses et confortables, et le rapport qualité-prix est excellent. Je recommande vivement la Villa Pamera à tous ceux qui cherchent un lieu de vacances convivial et relaxant. C’est un endroit où l’on se sent chez soi, et où l’on crée des souvenirs inoubliables.","villa"
"12","Villa Palmeraie","France","Palmeraie un Refuge Nature","Située à deux pas d’un quartier animé, la Villa Palmeraie est une oasis de tranquillité pour ceux qui cherchent à échapper à l’agitation de la ville sans renoncer à ses commodités. Cette demeure moderne, dotée d’un jardin luxuriant, offre le meilleur des deux mondes.
Le jardin de la Villa Palmeraie est un véritable écrin de verdure. Arboré et fleuri, il offre un espace de détente idéal pour les amateurs de nature. Que ce soit pour un petit-déjeuner en plein air, une lecture à l’ombre d’un arbre ou une soirée barbecue entre amis, ce jardin est l’endroit parfait pour profiter de moments de tranquillité.
La Villa Palmeraie elle-même est un modèle de modernité. Son design épuré et ses équipements de pointe offrent tout le confort nécessaire pour un séjour agréable. Chaque chambre est un cocon de confort, offrant une vue imprenable sur le jardin et les environs.
À proximité, un quartier vibrant offre une multitude d’activités. Boutiques artisanales, restaurants locaux, et lieux de divertissement sont à quelques pas, offrant une expérience urbaine authentique.
En conclusion, la Villa Palmeraie est bien plus qu’un simple hébergement. C’est un lieu de vie, un espace de partage, où chaque instant est précieux. Si vous recherchez un endroit pour vous déconnecter du monde sans renoncer à l’effervescence de la ville, la Villa Palmeraie est l’endroit idéal.","villa"
