"id_img","img"
"1","../public/article/1img-0_2319.png"
"2","../public/article/1img-1_2319.png"
"3","../public/article/1img-2_2319.png"
"4","../public/article/1img-3_2319.png"
"5","../public/article/1img-4_2319.png"
"6","../public/article/1img-5_2319.png"
"7","../public/article/1img-6_2319.png"
"8","../public/article/1img-7_2319.jpg"
"9","../public/article/1img-8_2319.png"
"10","../public/article/1img-9_2319.png"
"11","../public/article/2img-0_2320.png"
"12","../public/article/2img-1_2320.png"
"13","../public/article/2img-2_2320.png"
"14","../public/article/2img-3_2320.png"
"15","../public/article/2img-4_2320.png"
"16","../public/article/2img-5_2320.png"
"17","../public/article/2img-6_2320.png"
"18","../public/article/3img-0_2322.png"
"19","../public/article/3img-1_2322.png"
"20","../public/article/3img-2_2322.png"
"21","../public/article/3img-3_2322.png"
"22","../public/article/3img-4_2322.png"
"23","../public/article/3img-5_2322.png"
"24","../public/article/4img-0_2323.png"
"25","../public/article/4img-1_2323.png"
"26","../public/article/4img-2_2323.png"
"27","../public/article/4img-3_2323.png"
"28","../public/article/4img-4_2323.png"
"29","../public/article/4img-5_2323.png"
"30","../public/article/4img-6_2323.png"
"31","../public/article/4img-7_2323.png"
"32","../public/article/4img-8_2323.png"
"33","../public/article/5img-0_2325.png"
"34","../public/article/5img-1_2325.png"
"35","../public/article/5img-2_2325.png"
"36","../public/article/5img-3_2325.png"
"37","../public/article/5img-4_2325.png"
"38","../public/article/5img-5_2325.png"
"39","../public/article/5img-6_2325.png"
"40","../public/article/6img-0_2326.png"
"41","../public/article/6img-1_2326.png"
"42","../public/article/6img-2_2326.png"
"43","../public/article/6img-3_2326.png"
"44","../public/article/6img-4_2326.png"
"45","../public/article/6img-5_2326.png"
"46","../public/article/7img-0_2329.png"
"47","../public/article/7img-1_2329.png"
"48","../public/article/7img-2_2329.png"
"49","../public/article/7img-3_2329.png"
"50","../public/article/7img-4_2329.png"
"51","../public/article/8img-0_2331.png"
"52","../public/article/8img-1_2331.png"
"53","../public/article/8img-2_2331.png"
"54","../public/article/8img-3_2331.png"
"55","../public/article/8img-4_2331.png"
"56","../public/article/8img-5_2331.png"
"57","../public/article/8img-6_2331.png"
"58","../public/article/9img-0_2332.png"
"59","../public/article/9img-1_2332.png"
"60","../public/article/9img-2_2332.png"
"61","../public/article/9img-3_2332.png"
"62","../public/article/10img-0_2334.png"
"63","../public/article/10img-1_2334.png"
"64","../public/article/10img-2_2334.png"
"65","../public/article/10img-3_2334.png"
"66","../public/article/10img-4_2334.png"
"67","../public/article/11img-0_2335.png"
"68","../public/article/11img-1_2335.png"
"69","../public/article/11img-2_2335.png"
"70","../public/article/11img-3_2335.png"
"71","../public/article/12img-0_2337.png"
"72","../public/article/12img-1_2337.png"
"73","../public/article/12img-2_2337.png"
"74","../public/article/12img-3_2337.png"
"75","../public/article/12img-4_2337.png"
