"1","admin","admin","admin@admin.com","$2y$10$U6mEemeI6bm0RMHJ7SU2Meq6Bqt8fxtuDoAwfudjCynj9ZP6wqa9S","../public/profile/bird.jpeg","admin-664e600ebce6f7.38725347","1"
"2","test","test","test@test.com","$2y$10$Z/FDRwMGj3BT7wk7iuT6c.at1boQPMpZK82vfd.Ga2jTYixHRO0ze","../public/profile/bird.jpeg","test-664e73fe30aa93.93063258","0"
"3","dupont","marie","dupontmarie@hotmail.com","$2y$10$Kz/gabhcqWLCJmPybXIQyuKMXt0DjN4vNJIGkUi.fzWEOoBAUwZPO","../public/profile/bird.jpeg","marie-665074ead55e21.07971226","0"
"4","jean","louis","jeanlouis@hotmail.com","$2y$10$C.QyYb/3z21/NdyCQY/LoOS2IFpc9holessDkXUC6xqMCwaPGp3ga","../public/profile/bird.jpeg","louis-6650750d330d88.42229245","0"
"5","hegan","nicolas","hegannicolas@hotmail.com","$2y$10$dxqi991tl0tJGw2KbN8Yu.13jUw10I9D17xDsaEiRumJ8SltjZlsq","../public/profile/bird.jpeg","nicolas-665075362a1c68.76319573","0"
"6","delagi","claude","delagiclaude@hotmail.com","$2y$10$9Zf1pvOLgWSmlIzg3SfDYuofZlGogJE64kqPCyanZUrpY4K0lOZ0S","../public/profile/bird.jpeg","claude-665075691a9ca1.17018469","0"
"7","romania","lucie","romanialucie@hotmail.com","$2y$10$mxLztPW0/uOOi4tUbakmiukQy9CYF6cHTvhE9Ed6NhGZyDcYhK7ie","../public/profile/bird.jpeg","lucie-6650759a491c32.38778178","0"
"8","noel","virginie","noelvirginie@hotmail.com","$2y$10$OpscGpSthfNOmMhyn3i9CuMpjNdgACiHfPWq1IQp4BP38716KLe4C","../public/profile/bird.jpeg","virginie-665075c5959171.35530198","0"
"9","poulain","amélie","poulainamelie@hotmail.com","$2y$10$wVBUpOq1Mf07GqTliG8C1Oej7EFY7DbOgQVAxOFXtQQ/sCvp8IYay","../public/profile/bird.jpeg","amélie-665075f4085b84.63105729","0"
"10","baker","zoé","bakerzoa@hotmail.com","$2y$10$H73QExIAY2yQqAUUdY3SxuldbQny1D8QXegXZd/2Iekc5aD7zTgC2","../public/profile/bird.jpeg","zoé-665076144b6d28.41854375","0"
